,train_acc,val_acc,test_acc
MUTAG,0.8333333333333334,0.8421052631578947,0.7894736842105263
BZR,0.8518518518518519,0.85,0.7560975609756098
COX2,0.7774798927613941,0.7659574468085106,0.7446808510638298
DHFR,0.609271523178808,0.618421052631579,0.6052631578947368
PTC_MR,0.5781818181818181,0.5588235294117647,0.5714285714285714
AIDS,0.99625,0.995,0.995
NCI1,0.7481751824817519,0.7639902676399026,0.732360097323601
