,train_acc,val_acc,test_acc
MUTAG,0.8266666666666667,0.8421052631578947,0.8421052631578947
BZR,0.8549382716049383,0.875,0.7804878048780488
COX2,0.8096514745308311,0.7446808510638298,0.7659574468085106
DHFR,0.6903973509933775,0.6842105263157895,0.6052631578947368
PTC_MR,0.610909090909091,0.5294117647058824,0.5714285714285714
AIDS,0.996875,0.995,0.995
NCI1,0.7469586374695864,0.7883211678832117,0.7980535279805353
