,train_acc,val_acc,test_acc
MUTAG,0.78,0.8947368421052632,0.8421052631578947
BZR,0.8518518518518519,0.875,0.7560975609756098
COX2,0.8096514745308311,0.723404255319149,0.7446808510638298
DHFR,0.609271523178808,0.618421052631579,0.6052631578947368
PTC_MR,0.6036363636363636,0.4411764705882353,0.6857142857142857
AIDS,0.995625,0.995,0.995
NCI1,0.754257907542579,0.7615571776155717,0.7664233576642335
