,train_acc,val_acc,test_acc
MUTAG,0.8266666666666667,0.8421052631578947,0.7894736842105263
BZR,0.8209876543209876,0.875,0.7804878048780488
COX2,0.8016085790884718,0.7446808510638298,0.8085106382978723
DHFR,0.609271523178808,0.618421052631579,0.6052631578947368
PTC_MR,0.6290909090909091,0.5588235294117647,0.5142857142857142
AIDS,0.99625,0.995,0.995
NCI1,0.7375304136253041,0.7737226277372263,0.7299270072992701
