,train_acc,val_acc,test_acc
MUTAG,0.82,0.8421052631578947,0.7894736842105263
BZR,0.8364197530864198,0.875,0.7560975609756098
COX2,0.7882037533512064,0.7659574468085106,0.8085106382978723
DHFR,0.609271523178808,0.618421052631579,0.6052631578947368
PTC_MR,0.6072727272727273,0.5294117647058824,0.6
AIDS,0.99625,0.995,0.995
NCI1,0.735705596107056,0.7785888077858881,0.7299270072992701
