,test_acc_mean,test_acc_std
AIDS,0.9879999999999999,0.004472135954999567
BZR,0.8341463414634147,0.020406342110587183
COX2,0.7829787234042553,0.023307342872560272
DHFR,0.7105263157894737,0.03085799841989101
MUTAG,0.8736842105263157,0.028827503026587684
NCI1,0.8136253041362531,0.011489750805953816
PTC_MR,0.5142857142857142,0.04040610178208842
