,#graphs_train,avgNodes_train,avgEdges_train,#graphs_val,avgNodes_val,avgEdges_val,#graphs_test,avgNodes_test,avgEdges_test
ENZYMES,480.0,32.15833333333333,61.47083333333333,60.0,33.266666666666666,62.95,60.0,35.8,66.65
DD,942.0,290.4458598726115,731.4830148619958,118.0,257.50847457627117,646.9067796610169,118.0,262.1949152542373,658.0847457627119
PROTEINS,890.0,38.13820224719101,71.07640449438202,111.0,46.270270270270274,86.33333333333333,112.0,39.214285714285715,73.24107142857143
COLLAB,4000.0,74.359,2494.1525,500.0,74.156,2073.536,500.0,75.92,2545.402
IMDB-BINARY,800.0,19.80125,96.4775,100.0,19.93,103.09,100.0,19.39,90.4
IMDB-MULTI,1200.0,13.15,67.34333333333333,150.0,12.46,66.24666666666667,150.0,12.353333333333333,54.36
Letter-high,1800.0,4.670555555555556,4.501111111111111,225.0,4.671111111111111,4.506666666666667,225.0,4.662222222222222,4.484444444444445
Letter-low,1800.0,4.6738888888888885,3.1294444444444443,225.0,4.702222222222222,3.1555555555555554,225.0,4.671111111111111,3.1244444444444444
Letter-med,1800.0,4.6561111111111115,3.187777777777778,225.0,4.742222222222222,3.2622222222222224,225.0,4.7555555555555555,3.2933333333333334
