,test_acc_mean,test_acc_std
AIDS,0.986,0.00223606797749984
BZR,0.8487804878048781,0.010907648670730699
COX2,0.778723404255319,0.024259051597854003
DD,0.6932203389830509,0.011049495602038434
DHFR,0.7421052631578947,0.015002308224988672
ENZYMES,0.5566666666666666,0.022360679774997838
MUTAG,0.8421052631578947,0.037216146378239334
NCI1,0.8170316301703163,0.011719313458678604
PROTEINS,0.6660714285714286,0.01740498990144458
PTC_MR,0.49714285714285716,0.03257644071711823
