,avg. of test_accuracy_mean,avg. of test_accuracy_std
selftrain,0.7226242627178773,0.02255484088971009
fedstar_rw_dg,0.7427847339910306,0.01847321423035898
