,test_acc_mean,test_acc_std
COLLAB,0.6688000000000001,0.12399677415158833
DD,0.6864406779661018,0.01987464305009929
ENZYMES,0.5,0.020412414523193173
IMDB-BINARY,0.7,0.009999999999999995
IMDB-MULTI,0.4746666666666667,0.021807236311728165
Letter-high,0.6373333333333333,0.013913311859998707
Letter-low,0.9075555555555557,0.014538157541152077
Letter-med,0.8160000000000001,0.011589693164804668
PROTEINS,0.6928571428571428,0.021502847462129108
