,avg. of test_accuracy_mean,avg. of test_accuracy_std
selftrain,0.6999864547690505,0.022242919339690827
fedstar_rw_dg,0.7179694743575245,0.031731999405208856
